{
  "exchange_surplus": {
    "mean": 1477.4807467201765,
    "std": 1080.0690583480202,
    "min": 26.774291982382955,
    "max": 3122.2836495776287,
    "values": [
      2119.7828687569117,
      1708.056537848111,
      51.92772132364954,
      48.75891661066369,
      39.38629158478393,
      3122.2836495776287,
      1598.814456196782,
      62.23322359997377,
      3077.4889173278293,
      2026.2816217535712,
      2931.5416980795158,
      1891.4942675749842,
      2153.355133353586,
      2047.4826946498438,
      2618.0250835397005,
      47.61521687387058,
      1326.451016147673,
      1909.9938547561128,
      26.774291982382955,
      2304.315682677129,
      60.131776529202895,
      1840.1506604316069,
      54.00604545902455,
      1890.2288658672164,
      2489.1337258452145,
      2180.111000967252,
      38.175898812393655,
      37.05799276370561,
      2341.1389662378106,
      2282.2243244771716
    ]
  },
  "ad_surplus": {
    "mean": 1967.423005212662,
    "std": 53.529083850272784,
    "min": 1847.0006580850202,
    "max": 2088.9760984383956,
    "values": [
      1946.710274431014,
      2058.040244882412,
      1945.3602636554633,
      1985.8256591102584,
      1931.0430341960032,
      1941.6311700269434,
      1938.5650035151434,
      1995.183607973761,
      1916.0357942432267,
      1847.0006580850202,
      1961.7919848420643,
      1990.647800996054,
      1950.7055125773968,
      1938.1696255171976,
      1995.4711687199908,
      2019.2307789873112,
      1883.6303913988552,
      2009.0291811513043,
      2088.9760984383956,
      1890.9387650691915,
      1958.5866552187078,
      2030.3706691263533,
      2070.1682539980056,
      1940.642540365466,
      2024.4209645537817,
      1964.263465962388,
      1958.4876385698665,
      1954.953645716229,
      1918.4631054075292,
      1968.3461996445244
    ]
  },
  "exchange_producer_surplus": {
    "mean": 1207.2366035909172,
    "std": 935.1022674245589,
    "min": 10.380290570571384,
    "max": 2840.5919509141136,
    "values": [
      1636.117105697675,
      1116.1095487326925,
      16.977793972784013,
      22.943055711854292,
      21.848649040298902,
      2803.7885898765867,
      1279.077820784251,
      36.27264752419431,
      2840.5919509141136,
      1777.612162116807,
      2538.0323022056587,
      1471.4059622828727,
      1772.0186188259843,
      1697.7709916283693,
      2270.2040977842,
      21.669045661864324,
      984.5555151394102,
      1367.965480859571,
      10.380290570571384,
      2040.9242453044465,
      29.86790421683636,
      1255.8769582108578,
      21.355510282792363,
      1514.8930150141166,
      2046.1218491940663,
      1808.6842855400307,
      12.443987947912824,
      11.488492528367644,
      1890.1657571533374,
      1899.9344730049897
    ]
  },
  "ad_producer_surplus": {
    "mean": -368.91072858141996,
    "std": 26.62822518474758,
    "min": -425.3200320018601,
    "max": -322.2980272398091,
    "values": [
      -376.20733052064895,
      -390.1671129194675,
      -376.8240932923127,
      -362.9983869143572,
      -369.46272419907194,
      -337.81023970907506,
      -425.3200320018601,
      -322.2980272398091,
      -342.8174825782869,
      -409.728493434941,
      -358.3151285055217,
      -385.3631505364211,
      -370.29418871191916,
      -417.04616661821683,
      -347.3721731451423,
      -334.7265814108112,
      -411.6148772291533,
      -338.83878888094904,
      -339.48931717225184,
      -389.28576429774336,
      -336.4900519576873,
      -365.173181560911,
      -333.36218373508154,
      -366.7960231627342,
      -362.787704368874,
      -382.3499460233004,
      -377.5487751244189,
      -387.74567363657223,
      -392.04715772739087,
      -357.0411008276691
    ]
  },
  "exchange_consumer_surplus": {
    "mean": 270.2441431292596,
    "std": 190.45449160417118,
    "min": 16.39400141181157,
    "max": 591.9469891154184,
    "values": [
      483.66576305923684,
      591.9469891154184,
      34.94992735086553,
      25.815860898809397,
      17.53764254448503,
      318.4950597010419,
      319.73663541253114,
      25.96057607577946,
      236.8969664137159,
      248.66945963676426,
      393.509395873857,
      420.08830529211144,
      381.33651452760193,
      349.71170302147453,
      347.82098575550054,
      25.946171212006256,
      341.89550100826284,
      542.0283738965419,
      16.39400141181157,
      263.3914373726828,
      30.263872312366537,
      584.2737022207491,
      32.65053517623218,
      375.3358508530997,
      443.0118766511482,
      371.42671542722127,
      25.731910864480827,
      25.56950023533797,
      450.973209084473,
      382.289851472182
    ]
  },
  "ad_consumer_surplus": {
    "mean": 382.8019826550578,
    "std": 45.216583242826836,
    "min": 303.204120322199,
    "max": 494.64262508480704,
    "values": [
      369.3528918268728,
      494.64262508480704,
      368.6409072248672,
      395.2749887264637,
      347.00103809342386,
      325.87702205925893,
      410.35001876594566,
      363.94858425570476,
      305.3501965161916,
      303.204120322199,
      366.58540918867635,
      422.47410309101804,
      367.4414229793674,
      401.65790244638424,
      389.33357840438106,
      400.46265133579976,
      341.71764590639344,
      394.3325319540433,
      474.9156853172053,
      326.68639673776516,
      341.5531127458944,
      442.01522769050376,
      450.0154564908125,
      353.91977357547324,
      433.7060740241204,
      393.1094293844148,
      382.4623782902514,
      389.1539289447602,
      357.0173415777312,
      371.857036691003
    ]
  },
  "welfare_surplus_improvement": {
    "mean": -24.402590376589686,
    "std": 55.40335849203641,
    "min": -98.71830548935442,
    "max": 60.807247935471786,
    "values": [
      8.890516303279048,
      -17.005678480028834,
      -97.3306887010186,
      -97.54465270468356,
      -97.96036178959716,
      60.807247935471786,
      -17.525878508190424,
      -96.8808272405979,
      60.61750655046294,
      9.70659988039368,
      49.43183175027204,
      -4.980968173850577,
      10.388529661170418,
      5.640015594789656,
      31.19834175399544,
      -97.64191308049737,
      -29.580079924140513,
      -4.929511593178445,
      -98.71830548935442,
      21.860936231470816,
      -96.92983834189924,
      -9.368733088357509,
      -97.39122434349355,
      -2.5977826132140494,
      22.955342264688696,
      10.98872624498516,
      -98.05074599090804,
      -98.10440555227954,
      22.032003619923383,
      15.946286526695985
    ]
  },
  "welfare_gini_exchange": {
    "mean": 0.2847147082934918,
    "std": 0.2480266840900953,
    "min": 0.05166865870729542,
    "max": 0.7647156454289874,
    "values": [
      0.12340051312668429,
      0.10522813709905246,
      0.5388147200682176,
      0.7647156454289874,
      0.7028766349454655,
      0.059663905361557676,
      0.16194476274598749,
      0.5246173224896628,
      0.10769177705080973,
      0.1105362691038109,
      0.08347687741169471,
      0.18228371134671703,
      0.10322775489276628,
      0.15132519546832632,
      0.05166865870729542,
      0.6197027242462607,
      0.1098395181371372,
      0.17093786032723182,
      0.7533837349713864,
      0.09505903813529791,
      0.6098932676518882,
      0.15098587018680892,
      0.5123518773449941,
      0.060713898620457556,
      0.0564301261972989,
      0.1523967823000267,
      0.5165674031380084,
      0.6965122265122264,
      0.12126290076441583,
      0.14393213502428165
    ]
  },
  "welfare_gini_ad": {
    "mean": 0.027673334135140868,
    "std": 0.0032583926413705965,
    "min": 0.01939333858246048,
    "max": 0.03444290199983888,