{
  "exchange_surplus": {
    "mean": 28.898959574571627,
    "std": 8.768986226787325,
    "min": 13.75814420784911,
    "max": 49.270714473609445,
    "values": [
      28.424650020291537,
      18.106186735015402,
      25.03095429208482,
      35.28567657951486,
      28.05789078143663,
      29.324191784361958,
      27.78026138134272,
      24.875420020709086,
      31.86862414219201,
      31.5946002363576,
      30.97872055184692,
      37.296635769542064,
      29.475830993161637,
      45.14214204967142,
      13.75814420784911,
      29.56640736581144,
      29.310042069059918,
      36.28601553258321,
      33.63079952926965,
      22.37674579311078,
      39.02674996002287,
      43.74221895021871,
      20.902171727535148,
      30.512946045806842,
      15.8293749106785,
      16.93990062478199,
      28.53615366798182,
      19.35689085970684,
      14.681726181593831,
      49.270714473609445
    ]
  },
  "ad_surplus": {
    "mean": 1967.423005212662,
    "std": 53.529083850272784,
    "min": 1847.0006580850202,
    "max": 2088.9760984383956,
    "values": [
      1946.710274431014,
      2058.040244882412,
      1945.3602636554633,
      1985.8256591102584,
      1931.0430341960032,
      1941.6311700269434,
      1938.5650035151434,
      1995.183607973761,
      1916.0357942432267,
      1847.0006580850202,
      1961.7919848420643,
      1990.647800996054,
      1950.7055125773968,
      1938.1696255171976,
      1995.4711687199908,
      2019.2307789873112,
      1883.6303913988552,
      2009.0291811513043,
      2088.9760984383956,
      1890.9387650691915,
      1958.5866552187078,
      2030.3706691263533,
      2070.1682539980056,
      1940.642540365466,
      2024.4209645537817,
      1964.263465962388,
      1958.4876385698665,
      1954.953645716229,
      1918.4631054075292,
      1968.3461996445244
    ]
  },
  "exchange_producer_surplus": {
    "mean": 13.736680648756586,
    "std": 7.677298103889795,
    "min": 1.8509195595196788,
    "max": 37.18751233846684,
    "values": [
      11.752262117485472,
      5.821740887688491,
      5.301225423196582,
      22.335981127924168,
      14.568355222115194,
      16.78754908937925,
      13.569823184650271,
      10.731137769261053,
      17.225552799533236,
      19.67864124833597,
      18.705320925734235,
      16.27706070055539,
      9.878169685022398,
      25.05393850813064,
      1.8509195595196788,
      17.25081454624066,
      9.921235598080054,
      20.90298016083507,
      18.910415256147584,
      9.602829222694764,
      22.139303904699123,
      20.08773289361372,
      9.268302306992757,
      8.450003911680515,
      6.972805609977875,
      8.47613041441965,
      7.305249288447393,
      2.700034035600597,
      3.387391726269027,
      37.18751233846684
    ]
  },
  "ad_producer_surplus": {
    "mean": -368.91072858141996,
    "std": 26.62822518474758,
    "min": -425.3200320018601,
    "max": -322.2980272398091,
    "values": [
      -376.20733052064895,
      -390.1671129194675,
      -376.8240932923127,
      -362.9983869143572,
      -369.46272419907194,
      -337.81023970907506,
      -425.3200320018601,
      -322.2980272398091,
      -342.8174825782869,
      -409.728493434941,
      -358.3151285055217,
      -385.3631505364211,
      -370.29418871191916,
      -417.04616661821683,
      -347.3721731451423,
      -334.7265814108112,
      -411.6148772291533,
      -338.83878888094904,
      -339.48931717225184,
      -389.28576429774336,
      -336.4900519576873,
      -365.173181560911,
      -333.36218373508154,
      -366.7960231627342,
      -362.787704368874,
      -382.3499460233004,
      -377.5487751244189,
      -387.74567363657223,
      -392.04715772739087,
      -357.0411008276691
    ]
  },
  "exchange_consumer_surplus": {
    "mean": 15.162278925815036,
    "std": 3.9630038939193506,
    "min": 8.463770210362341,
    "max": 23.654486056604988,
    "values": [
      16.672387902806065,
      12.28444584732691,
      19.729728868888238,
      12.949695451590697,
      13.489535559321435,
      12.536642694982705,
      14.210438196692449,
      14.144282251448033,
      14.643071342658775,
      11.915958988021627,
      12.273399626112687,
      21.019575068986676,
      19.59766130813924,
      20.088203541540786,
      11.90722464832943,
      12.315592819570778,
      19.388806470979862,
      15.38303537174814,
      14.720384273122066,
      12.773916570416013,
      16.88744605532375,
      23.654486056604988,
      11.63386942054239,
      22.062942134126327,
      8.856569300700624,
      8.463770210362341,
      21.23090437953443,
      16.656856824106242,
      11.294334455324803,
      12.08320213514261
    ]
  },
  "ad_consumer_surplus": {
    "mean": 382.8019826550578,
    "std": 45.216583242826836,
    "min": 303.204120322199,
    "max": 494.64262508480704,
    "values": [
      369.3528918268728,
      494.64262508480704,
      368.6409072248672,
      395.2749887264637,
      347.00103809342386,
      325.87702205925893,
      410.35001876594566,
      363.94858425570476,
      305.3501965161916,
      303.204120322199,
      366.58540918867635,
      422.47410309101804,
      367.4414229793674,
      401.65790244638424,
      389.33357840438106,
      400.46265133579976,
      341.71764590639344,
      394.3325319540433,
      474.9156853172053,
      326.68639673776516,
      341.5531127458944,
      442.01522769050376,
      450.0154564908125,
      353.91977357547324,
      433.7060740241204,
      393.1094293844148,
      382.4623782902514,
      389.1539289447602,
      357.0173415777312,
      371.857036691003
    ]
  },
  "welfare_surplus_improvement": {
    "mean": -98.52962005824845,
    "std": 0.4461485080412827,
    "min": -99.31053154645807,
    "max": -97.49684712564753,
    "values": [
      -98.53986233115252,
      -99.12022193054588,
      -98.71329980571055,
      -98.22312314187116,
      -98.54700851899354,
      -98.48971358530699,
      -98.5669677657974,
      -98.7532265240505,
      -98.33674171234473,
      -98.28941045050222,
      -98.42089677237922,
      -98.12640710471837,
      -98.48896561766432,
      -97.67088796277955,
      -99.31053154645807,
      -98.53575888038712,
      -98.44396001450725,
      -98.19385323652746,
      -98.39008212901956,
      -98.81663297582818,
      -98.00740243705658,
      -97.84560427239424,
      -98.99031531919361,
      -98.42768848919181,
      -99.21807888834189,
      -99.13759529114479,
      -98.54294951338986,
      -99.00985422840472,
      -99.23471417614388,
      -97.49684712564753
    ]
  },
  "welfare_gini_exchange": {
    "mean": 0.7688059319035961,
    "std": 0.07413969007927958,
    "min": 0.5672187436881435,
    "max": 0.9310338584102842,
    "values": [
      0.7357357357357357,
      0.7792929292929294,
      0.7875812274368228,
      0.8523126911314987,
      0.8387738530247666,
      0.7591885620181151,
      0.6951953788651033,
      0.9310338584102842,
      0.8185932920872677,
      0.6823698431527613,
      0.7935477466746078,
      0.681154799858307,
      0.787548828125,
      0.7913112164296999,
      0.8137198313668904,
      0.7469813559970908,
      0.5672187436881435,
      0.6901181716833892,
      0.7288177699839252,
      0.7605242748565226,
      0.8578584332402698,
      0.7970087402049427,
      0.8009652254396405,
      0.7075108742265517,
      0.8247698130260409,
      0.7845135421395067,
      0.6162956930872239,
      0.8481661109427097,
      0.8240722985689425,
      0.76199711641319
    ]
  },
  "welfare_gini_ad": {
    "mean": 0.027673334135140868,
    "std": 0.0032583926413705965,
    "min": 0.01939333858246048,
    "max": 0.03444290199983888,