{
  "exchange_surplus": {
    "mean": 32.563383929090286,
    "std": 9.659500258359039,
    "min": 14.800595084699438,
    "max": 57.83602743063883,
    "values": [
      34.801982753378496,
      28.328169580232135,
      25.85847318884136,
      44.732419920290866,
      34.36306746033836,
      25.264342403310096,
      32.25646188876396,
      31.44156009213832,
      41.31097711917765,
      31.89624458375647,
      33.75495767457943,
      30.108166381300627,
      27.779257669410274,
      57.83602743063883,
      14.800595084699438,
      24.353622091073362,
      18.25908965932462,
      37.6850652737085,
      32.797773770377475,
      32.10463203200223,
      42.24671459918005,
      44.79033529628331,
      31.39557434829755,
      31.004791449556876,
      23.82343211883701,
      17.85383926127107,
      42.237392377927065,
      28.25467657296404,
      22.633762121078227,
      52.92811366997068
    ]
  },
  "ad_surplus": {
    "mean": 2076.7950002569646,
    "std": 65.05820612244668,
    "min": 1933.6304067485057,
    "max": 2224.6662942433113,
    "values": [
      2052.239672095835,
      2199.366709192357,
      2050.6862371482825,
      2098.7613701749624,
      2030.1861879369817,
      2034.738890615303,
      2055.8078660196993,
      2099.168917761105,
      2003.2787075335673,
      1933.6304067485057,
      2066.5306731816863,
      2111.3546875934876,
      2055.6887762857878,
      2052.9290262161644,
      2106.7093339783855,
      2133.6486793689683,
      1981.2640045149676,
      2121.6956188524596,
      2224.6662942433113,
      1984.2777355656958,
      2056.173258860392,
      2156.660734180783,
      2198.744098709666,
      2041.7624756727441,
      2148.3369857035304,
      2076.5804457865065,
      2067.762603795653,
      2066.140482557589,
      2020.4680601440236,
      2074.5910672705254
    ]
  },
  "exchange_producer_surplus": {
    "mean": 11.334156793220343,
    "std": 8.566159628797882,
    "min": -3.2847039678069545,
    "max": 33.823279771436404,
    "values": [
      10.496778559095178,
      7.843854121769471,
      4.817825239204323,
      21.110294715577545,
      14.538355222115195,
      8.320363266299823,
      11.572304244309919,
      10.731137769261053,
      16.0647221037399,
      19.613726372977744,
      15.012013747403847,
      3.94838023325163,
      1.8316929420270052,
      28.795713887251626,
      -3.2847039678069545,
      4.584073454629278,
      0.7426309574021207,
      18.831400378992743,
      16.745071049704027,
      10.331237416830911,
      20.100052617751444,
      23.3003913329904,
      12.815581452940332,
      4.152637714355317,
      6.772805609977874,
      4.811106333406108,
      5.902851455736511,
      1.8165209610076216,
      3.882604832971943,
      33.823279771436404
    ]
  },
  "ad_producer_surplus": {
    "mean": -368.91072858141996,
    "std": 26.62822518474758,
    "min": -425.3200320018601,
    "max": -322.2980272398091,
    "values": [
      -376.20733052064895,
      -390.1671129194675,
      -376.8240932923127,
      -362.9983869143572,
      -369.46272419907194,
      -337.81023970907506,
      -425.3200320018601,
      -322.2980272398091,
      -342.8174825782869,
      -409.728493434941,
      -358.3151285055217,
      -385.3631505364211,
      -370.29418871191916,
      -417.04616661821683,
      -347.3721731451423,
      -334.7265814108112,
      -411.6148772291533,
      -338.83878888094904,
      -339.48931717225184,
      -389.28576429774336,
      -336.4900519576873,
      -365.173181560911,
      -333.36218373508154,
      -366.7960231627342,
      -362.787704368874,
      -382.3499460233004,
      -377.5487751244189,
      -387.74567363657223,
      -392.04715772739087,
      -357.0411008276691
    ]
  },
  "exchange_consumer_surplus": {
    "mean": 21.229227135869927,
    "std": 4.813681061635791,
    "min": 12.282518210778727,
    "max": 36.334540922190556,
    "values": [
      24.305204194283316,
      20.484315458462664,
      21.040647949637037,
      23.62212520471332,
      19.824712238223164,
      16.94397913701027,
      20.68415764445404,
      20.710422322877267,
      25.246255015437747,
      12.282518210778727,
      18.742943927175585,
      26.159786148048997,
      25.94756472738327,
      29.040313543387203,
      18.085299052506393,
      19.769548636444082,
      17.5164587019225,
      18.853664894715763,
      16.05270272067345,
      21.77339461517132,
      22.14666198142861,
      21.48994396329291,
      18.57999289535722,
      26.852153735201558,
      17.05062650885914,
      13.04273292786496,
      36.334540922190556,
      26.438155611956418,
      18.751157288106285,
      19.104833898534274
    ]
  },
  "ad_consumer_surplus": {
    "mean": 492.1739776993601,
    "std": 58.135607026491634,
    "min": 389.83386898568443,
    "max": 635.9690893947519,
    "values": [
      474.8822894916936,
      635.9690893947519,
      473.96688071768637,
      508.21069979116766,
      446.14419183440225,
      418.9847426476187,
      527.5928812705016,
      467.93389404304907,
      392.5931098065321,
      389.83386898568443,
      471.32409752829824,
      543.1809896884517,
      472.4246866877582,
      516.4173031453512,
      500.5717436627757,
      514.8805517174569,
      439.3512590225059,
      506.9989696551986,
      610.6058811221212,
      420.02536723426954,
      439.1397163875785,
      568.3052927449335,
      578.5913012024732,
      455.03970888275137,
      557.6220951738692,
      505.4264092085333,
      491.73734351603764,
      500.3407657861203,
      459.02229631422585,
      478.10190431700386
    ]
  },
  "welfare_surplus_improvement": {
    "mean": -98.4306944504569,
    "std": 0.46842040208936225,
    "min": -99.29745433572701,
    "max": -97.1827556290517,
    "values": [
      -98.30419501062283,
      -98.71198516091778,
      -98.73903317238816,
      -97.86862763170824,
      -98.30739329897338,
      -98.75834965754893,
      -98.43095931181466,
      -98.50219008932008,
      -97.93783176730115,
      -98.35044771366667,
      -98.3665881125002,
      -98.57398822858997,
      -98.64866423410639,
      -97.1827556290517,
      -99.29745433572701,
      -98.85859268554577,
      -99.07841208351257,
      -98.22382320353327,
      -98.52572163945456,
      -98.38204947540524,
      -97.94537184952037,
      -97.92316266594906,
      -98.5721133092877,
      -98.48146922969866,
      -98.89107564235154,
      -99.14022886532052,
      -97.95733841494209,
      -98.63249005517821,
      -98.87977629700987,
      -97.44874474276001
    ]
  },
  "welfare_gini_exchange": {
    "mean": 0.821442048938312,
    "std": 0.06136705308992723,
    "min": 0.631693749085053,
    "max": 0.9310338584102842,
    "values": [
      0.7797575757575758,
      0.8102910291029102,
      0.8312598602659454,
      0.8453068264342773,
      0.8388177940280318,
      0.8904563077840739,
      0.7911244760342628,
      0.9310338584102842,
      0.8085050505050506,
      0.8217651081596662,
      0.7828288624300673,
      0.8529489728296886,
      0.8994617868675997,
      0.7624485827537206,
      0.7599902408220672,
      0.7467505551443377,
      0.8955885662840423,
      0.7260232192050374,
      0.8623982637004884,
      0.7859259259259264,
      0.9069380972164519,
      0.8100989562152637,
      0.9075476660092047,
      0.813439405419057,
      0.8251941279827695,
      0.8463425861989596,
      0.631693749085053,
      0.847955165101484,
      0.8382244328886876,
      0.7931444195873728
    ]
  },
  "welfare_gini_ad": {
    "mean": 0.027673334135140868,
    "std": 0.0032583926413705965,
    "min": 0.01939333858246048,
    "max": 0.03444290199983888,